Name,Username
Assembleia de Deus Nova Vida,adnvmoradadelaranjeirasoficial
DeÌcio Lima,deciolima
Senador Beto Faro,betofaro131
Administradores,administradores
Dani Azevedo,daniazevedo.oliver
Spartakus,spartakus
Resumo PB,portalresumopb
Emerson Freitas,efreitasofc
Foracorruptos Oficial,foracorruptosoficial
Jorge Samek,jorgesamek
Direita Minas PatrocÃ­nio,direitaminaspatrocinio
Dr. Carlos Felipe,drcarlosfelipe_
Roteirices,roteirices_podcast
cantorEmanuellopes,cantoremanuellopes
Carla Cecato,carlacecato
Wadson Ribeiro,wadsonribeiromg
ğŸ„µğŸ„´ğŸ…ğŸ„½ğŸ„°ğŸ„½ğŸ„³ğŸ„¾ ğŸ„·ğŸ„°ğŸ„³ğŸ„³ğŸ„°ğŸ„³,voltahaddad
Aliados Brasil Oficial,aliadosbrasiloficial
Pollyanna,pollyannadutraoficial
Alex Ferreyra,flamengoorgulhoap
A Voz do Brasil~Oficial,avozdobrasiloficial
Y A G O,yagosantana07
Site Avoador,siteavoador
C O R O N E L  A G I N A L D O,coronel_aginaldo
ğƒğ€ğ•ğˆğƒ ğ‹ğ€ğŒğ„ğğ”ğ„,david_lameque
Monstro do S.A,luquinhasxv
Anderson Martins,opaigeeks
HPBR,hpbrazil
AnaÌpolis NotiÌcias Oficial,anapolis.noticias_
Wembley Beim,beimoficial
JoÃ£o Paulo â­ï¸,joaopaulodopt
Rodrigo VilasbÃ´as,rodrigo.vilasboas
Guilherme Schneider â­,gui_riff
Luciano Dami,lucianodami
Gui Monteiro,luis_guilherme
Deolane Bezerra,dra_deolane_oficial
Emidio de Souza,emidiodesouzaoficial
Ari BagÃºio,aribaguio
Kerexu,kerexu_oficial
ALDA IVANA  SILVÃ‰RIO,alda_ivana_silverio_
Danilo Mesquita ğŸ‡§ğŸ‡·,danilo_mesquita
Holanda Cavalcanti,holandacavalcanti
FÃ¡bio K. GuimarÃ£es,fabiokguimaraes
Chico Alencar,chico.alencar
UniÃ£o justicialista,uniaojusticialista
Deputado Estadual Luiz Fernando,luizfernandopt13
Pedro JÃºnior,pedrojunior87
Jhonatas Monteiro,jhonataspsol
Manu Jacob,manujacobpsol
Kiusam de Oliveira,mskiusam
opiniÃ£oce | NOTÃCIAS,opiniaoce
Oxente Bar e Petiscaria,oxentebarepetiscaria
Super RaÌdio Tupi,radiotupi
CeÌlio Studart,celiostudart
Alan Rick,alanrickm
GABI,elitedagabi
Ismael Brasilino,brasilinobp
Eduardo Cunha,deputadoeduardocunha
Sivaldo Albino,sivaldoalbino40
Elvino Bohn Gass,bohn_gass
Pr. Lucinho,prlucinho
Direita Minas,direitaminas
Vale PCD,pcdvale
Frederico d'Avila,fredericodavilaoficial
Tadeu Veneri,tadeuveneri
Basqueteiros,basqueteirosnba
Mulheres do AgronegÃ³cio de Alagoas,mulheresdoagroalagoas
AndreÌ Schmidt,andre.quizomba
ğŸ…¼ğŸ…¾ğŸ…½ğŸ†‚ğŸ†ƒğŸ†ğŸ…¾ğŸ†‚ ğŸ…´ ğŸ…¼ğŸ†„ğŸ†‚ğŸ…°ğŸ†‚,monstrosemusas
The Handmaid's Tale Brasil,handmaidsbrasil
PT de Caxias do Sul,ptcaxiasdosul
Poze Do Rodo ğŸ¤‘ ğŸ”µ,pozedorodo_0fc
Roberta Di Angellis ğŸ™,robertadiangellis
Apoiadores do Bolsonaro TereÌ‚,apoiadoresbolsonaroteresopolis
Alexandre Garcia Apoio,alexandre_garcia1.0
Palpites Green,palpitesgreen
Cleber Rangel,cvrangel
Samara Castro,samaramcastro
TarciÌsio Motta,tarcisiomottapsol
Tamires Sampaio,soutamires.sp
Jade Romero | Vice-governadora do CearÃ¡,jaderomero
CapitaÌƒo Alberto Neto,capitaoalbertoneto
PT RJ,ptrj13
MaÌrcia Fervienza,marciafervienza
Patricia Alonso Advogada,drapatriciaalonso_
Bruna Justino-InfluencerğŸ‡§ğŸ‡·,brujustinno
Sempre Escrevo | SOCIAL CULTURA & ARTE,sempreescrevo
Evair de Melo,evair_de_melo
Xuxa Meneghel,enxiclopediax
Edmarcy âœ…,edmarcy
Hotel Pousada Ourinhos,hotelpousadaourinhos
Vivi Reis,vivireispsol
DOL - DiÃ¡rio Online,doldiarioonline
Augusto de Arruda Botelho,augustodearrudabotelho
ğŸ‘¸ğŸ¾â­ï¸PATRICIA RAMMOS c/ 2M â­ï¸ğŸ‘¸ğŸ¾,patriciarammos
Diego Mesquita ğŸ¤ğŸŒ»ğŸ³â€ğŸŒˆğŸ³ï¸â€âš§ï¸,diegodosuburbio
PÃ¡blo Lima,opablolima
Renata Souza,renatasouzario
Gazeta do Povo,gazetadopovo
SineÌsio Campos,sinesiocamposam
Salcy Lima,salcylima
FlÃ¡via - Corpo em Movimento-RJ,treinadoraflaviaoliveirarj
Deputada Dilvanda Faro,deputadadilvandafaro
Matos Rodrigues,matos_rodrigues
"Marden, Uğ™¼ ğ™³ğ™° ğ™¶ğ™´ğ™½ğšƒğ™´.",mardenoficial
Tiago Fernandes,tiagojfernandes
sertanejos ProduÃ§Ãµes,sertanejoproducoes72
BandNews GoiÃ¡s,bandnewsgoias
Antonio QuixadÃ¡,acquixada
anitta live | Fan Account,anitta.live
Marcelo Brum,deputadomarcelobrum
,cine.ninja
Rubens Pereira Jr,rubenspereirajr
Dinho Ouro Preto,dinhoouropreto
Coletivo ResistÃªncia Feminista ES â™€ï¸,resistenciafeministaes
Pequeninos Guara,pequeninos_guara
Paulo Pimenta,pimenta13br
Casa Odara,casaodarario
O Pagodeiro,opagodeirooficial
BBB 23- Babados - Fofocas,famososnoticiasoficial
Hilde Angel ğŸ§¿ OFICIAL - a legitima,hilde_angel
Caito Mainier,caitomainier
Mariana Lopes,mari_lopesb
Guess Bike,guess.bike
Murilo Ferreira,murilodeminas
98 FM Natal Oficial | RÃ¡dio,98fmnatal
YouTimÃ£o âš¡ï¸Corinthians,youtimao
CHAMA NO FLOW ğŸ”¥,chamanoflow
OVALE,jornalovale
Giba Moura,gcmoura
Felipe Lemos,felipelemosba
Cantadas Progressistas,cantadasprogressistas
Assembleianos de V A L O R,assembleianosdevalor_
Prof. Carlos Giannazi,carlosgiannazioficial
Michael Serruya,michaelserruya
Bancada Feminista do PSOL,bancadafeministapsol
Jornal Hoje em Dia,jornalhojeemdia
a bem vestida de R$ 25 A 35,abemvestida25a35
AndrÃ© Ramos,andrexpto
Paulo Eduardo Martins,paulomartins222
Samantha - MaÌƒe Com Filhos ğŸ™ ğŸ‡§ğŸ‡·,maecomfilhos
CidadÃ£o JoÃ£o Capiberibe,joaocapi
Esportes O POVO,esportesopovo
Pregados BrasÃ­liaÂ®,pregadosbsb
JPD - Jovens pela Democracia,jovenspelademocracia_
Aline Sleutjes ğŸ‡§ğŸ‡·,alinesleutjes
Portal Zero Hora Amazonas,zerohoraam
Isabelle Lindote | #foodwriter,lindote
Renato Rodrigues Gomes,renatorgomesoficial
RBA TV,rbatvbelem
Rafael Ranalli,ranallipf
BrandaÌƒo,carlosbrandaoma
RogÃ©rio Campos,flickrogerio
Agni Santoro,agni.dialogo_masculino
Coronel Nishikawa,coronelnishikawaoficial
Agostinho Carlos Oliveira,agostinhocarlosoliveira
Robinson Salvador,robinsonsalvador
Patricia Fiori,patriciafiori
Supermercados Super Puppo,superpuppo_oficial
Curiando e Fofocando,fofoqueiecuriei
PoraÌƒo do AlemaÌƒo,poraodoalemao
SÃ³stenes Cavalcante,sostenescavalcante
Instituto Lula,institutolula
PT Paraty ğŸš©,ptparatyrj
Nara Mendes,thaynaramendes14
Adriana Spaca,drispaca
Frei SÃ©rgio GÃ¶rgen,freisergiogorgen
Ezequias Barros,ezequiasbarrosoficial
Jorginho Mello,jorginhomello
Anitta | FÃ£ clube,omundodaanitta
Valmir AssuncÌ§aÌƒo,depvalmir
OneÌlia Santana,onelialeitesantana
Prof. Josemar,profjosemarpsol
Diego Melo,coronel.diegomelo
ğ—ğ—¼Ã£ğ—¼ ğ—¶ğ˜ğ—®ğ—°ğ—®ğ—¿ğ—®ğ—ºğ—¯ğ˜†,jitacaramby
Maria Jose Weiss,zezeweiss
Pedro Batista,pedrobatista.pt
AngÃ©lica Brum,angelicabrum
EvoluÃ§Ã£o ğŸ‹â€â™€ï¸ | Dieta ğŸ¥— | MotivaÃ§Ã£o ğŸ§ ,massamuscular_exercicios
Kelly Bolsonaro,kellybolsonaro
Bruno Rosa Oficial,bruno_rosa_oficial
Bispa Rubia Sousa,bparubiadesousa
Vini Almeida,vini.allmeida
ğ‘®ğ’‚ğ’›ğ’›ğ’†ğ’•ğ’‚ ğ’…ğ’ ğ‘¹ğ’†ğ’„ğ’Ì‚ğ’ğ’„ğ’‚ğ’—ğ’.,negajugazzeta
Romeu Ivo de Almeida,prromeuivo
Blog do Esmael,esmaelmorais
Nezio Monteiro,neziomonteiro
Lucas Siqueira,lucassiqueira.cwb
Thanis killian,thanis_killian_selvagem
AUGUSTO SANTOS,augustosantos.oficial
Chaline vidente oficial das estrelas,cha.grazik
Direita Minas Contagem,direitaminascontagem
OsÃ©ias de Madureira,pr_oseiasdemadureira
RAMALHO,ramalhorap
Mario Botion,mariobotion
Jennyfer Costa ğŸ¦‹ğŸŒâœ¨| Levantando Mulheres CristÃ£s,jennyfercosta
Tati Lopes Cake - Doces Finos e kit MesversÃ¡rio,doces_melissa
Canto da Ema,cantodaema
JoÃ£o Carrilho,joaocarrilhobuzios
IAPTD,iaptd
Marcio Macedo,marciomacedopt
Alerta de NotÃ­cias RJ,alertadenoticiasrj
Christin Machado,christinmachado35
Junior Faria | Vendas,juniorfariavendas
capixabas Belezas,capixabasbelezas
JoÃ£o AzevÃªdo Lins,joaoazevedolins
SeÌrgio Astral - ARTES,sergioastral
AndrÃ© Ferreira,andreferreira.pe
Pra. Jhulia MendonÃ§a Oficial,prajhuliamendoncaoficial
Bruno | Venda sem aparecer | Mentor | Renda Extra,eusouolidermkt
Caneta Desesquerdizadora,desesquerdizada
Marlon Barreto,eumarlonbarreto
Carol Dartora,caroldartora13
Luciano Beregeno Lopes,beregeno
Dra Allyne Prado,draallyneprado
SUB CARIRI | NOTICIAS E HUMOR,subcelebritiescariri
Dr Lessandro Martins â€¢ Rinoplastia,drlessandromartins
JoÃ£o Helder Vilela,vileladopt
Notifiquei Dos Famosos Â®ï¸,notifiquei
Direita Minas Patos de Minas,dmpatosdeminas
Tatuagem delicada ğŸ’«,tattooadosmini
A Grande Verdade,grandeverdade
Angel Morsi,angelmorsi
Miguel Rossetto,miguelsrossetto
SENEGAMBIA,senegambia81
Chico Alves,chicoalvesrio
Geraldo JÃºnior,geraldojunioroficial
Alda Luana,aldaluana1
Monaliza Carneiro,monalizanabor
BOBEOU VAZOUğŸ”¥,bobeouvazo
Raul Nunnes,raulnunnes
R.Trompaz,rtrompaz
Revista Central,revistacentral
Tanabi NotÃ­cias,tanabinoticias
Rap Ã© Minha Vida ğŸ‡§ğŸ‡·,rapeminhavida_
Dra Dieynne Saugo | âœ¨Doutora Fit,dradieynne
Dr. Admar Almeida Di Kavary,admaralmeidaoficial
Pedro Campos,pedrocampospe
Deputada Zeidan,deputadazeidan13
Antonio Denarium,antoniodenariumrr
CUXIXADAS,cuxixadas
Nilto Tatto,niltotatto
Gabriel Mota,motagabriell
Armando Marcos | Caricaturas,armando_caricaturas
CRISTINA COSTA,cristinacostaoficial
JoÃ£o Neto JanjÃ£o,joaodejanjao
Tatuagens Femininas ğŸ’«,tattooadosinspira
Pastor Gil,deputadogildenemyr
Martinho Monteiro,pr.martinho_monteiro
Prefeitura de SaÌƒo LuiÌs,prefeituraslq
goias24horas,goias24horas
Luizianne Lins,luiziannelinspt
DIREITA MINAS CAMPO BELO,direitaminascampobelo
Imirante,imirante
DÃ©bora Oliveira,deboraoliveiraoficial1
Galloso,galloso
KÃ¡tia Maria,katiamariaon
BBB 22-fofocas-famosos-babados,realitydobrasil
Jornalista LaÌzaro Farias ğŸ¤,lazaro.fariass
Vitor AraÃºjo,vitoraraujo.b
Diario De Noticia ğŸ’›,diariodenoticia
Charles Camaraense,charlescamaraense
Carol De Toni,carolinedetoni
Cami,cami_abdo_
Ana Paula Renault,anapaularenault
dani moraes brum,danimoraesbrum
Luciana Ramalho,lucianaramalho13
Telma de Souza,telmadesouza1
Paula Posada,barraposada
Alma Preta Jornalismo,almapretajornalismo
ANJOSNATERRABR,anjosnaterrabr
Alessandra Ribeiro,aleribeirocampinas
"Dr PAULO FARIA ""DE LUTO PELO BRASIL""",drpaulofariaadv
Coronel AmÃ©rico,americocombolsonaro
Nathizael GonÃ§alves,nathizael.goncalves
Sandra Pires,sandrapirescantoraoficial
Portal Alerta,portal_alerta
Alexandre do Sindicato,alexandredosindicato
Reserva Gigante do Nordeste,reserva_gigante_do_nordeste
O Tempo,otempo
Dalvania Cardoso,dalvaniacardoso
APARECIDA NOTIÌCIAS,aparecidanoticias
Fofocas Diarias ğŸ‘…,fof0cadiaria
Valmir de Francisquinho,valmirdesergipe
AndreÌ Porciuncula,andreporci
Rui Palmeira,ruisoarespalmeira
GRINGOS RECORDS,gringosrecordss
AtelieÌ‚ do SucoÂ®ï¸,ateliedosuco
Tum,deputadotum
Rio Largo OrdinÃ¡rio Oficial,riolargoordinariooficial
Lojas Aprovier,aprovier_
A ASTRÃ“LOGA,aastrologa
PT - Partido dos Trabalhadores,ptbrasil
Comandante NaÌdia,comandantenadia
RÃ¡dio e Jornal Toda Palavra,jornaltodapalavra
NEGÃ“CIO ALTAMENTE LUCRATIVO,viver.marketing.online
AcÃ¡cio moura,acaciomourarj
VirgÃ­lio GuimarÃ£es,virgilioguimaraesmg
EsteÌ‚vaÌ„o Ciavatta,eciavatta
William Marques,williammarques.music
Esquerda Pensante,esquerdapensante
Renato Nunes,renatonunesoficial
ThemiÌstocles Filho,themistoclesfilhopi
Pastor Rodrigo Ortunho,rodrigoortunho
Aloisio Villar,aloisiovillar
AgÃªncia O ObservatÃ³rio,agenciaobservatorio
Partido Verde - MG,verdesmg
Kyowa,kyowaonline
Julio BeltraÌƒo,ojulius
Voz da Bahia,vozdabahia
Anderson Ferreira,andersonferreira.22
Sonia Guajajara,guajajarasonia
230894 â€” blind contour,x230894x
Catarina Paladini,catarinapaladini
Filipe Barros,filipebarrosoficial
Professora Rosa Neide,prof_rosaneide
Vozes do Brasil,vozesdobr4sil
Gilson Machado Neto,gilsonmachadoneto
Super Banda ChoppÃ£o,bandachoppao
iara_m_m,iara_m_m
Ã‚ngela Buj â€¢ Lettering,celebratta
fofoca Santa ğŸ«¦,fofoca.santa
Bruno Boscoli,foguinhoms
PromocÌ§aÌƒo todos os dias ğŸ£,sushimakimanaus
Gustavo Pedro,gustavopedropcb
Nelson Barbudo,nelsonbarbudo
Ary ArimatÃ©ia,ary.arimateia
Amanda Alves,amandaalves
Edmir Chedid,edmirchedid
KÃ©ssia Cristina,kessiacristinabh
CapitÃ£o Wagner | SecretÃ¡rio de SaÃºde de MaracanaÃº,capitaowagnersousa
Adelmo LeÃ£o,adelmo.leao
Cristiano Caporezzo,caporezzodm
AIÌLA,ailamusic
Glauber Braga,glauberbraga_oficial
ğ—™ğ—”ğ—¦ğ—§ ğ—¦ğ—¢ğ—•ğ—¥ğ—”ğ—¡ğ—–ğ—˜ğ—Ÿğ—›ğ—”ğ—¦Â®ï¸,fastsobrancelhas
FELIPPE MORAES,felippemoraes
InÃ¡cio Arruda,inacioarruda_
Veneziano Vital,venezianovitalpb
Theomarco Rodrigues,orochitheo_dj.theo.rodrigues
Henrique Cerqueira,henriquecerqueiraofc
Rede Brasil Atual,redebrasilatual
Kaddja Maia,kaddjaa
Os Mortadelas,osmortadelas
Rondinelly | Atleta| âš½ï¸â¤ï¸,rondinelly10
Filosofia Cotidiana,filo_shopia
Marco Feliciano,marcofeliciano
Elielson Maciel Santana,santanaelielson1234
Viravoto,viravoto
CANAL DO ROCK CAMISETAS   â˜ ï¸,canaldorockcamisetas
ğ“Ÿğ“ªğ“¾ğ“µğ“²ğ“·ğ“±ğ“ª | MEMEIRA,paulinhamemeira
Portal 6,portal6noticias
A Casa Azul Multimarcas | Produtos originais,casaazuloficial
Feminisces | Atacado Feminino,feminiscesblusas
Erik Bispo - Jornalista,erik.bispo_jornalismo
Alessandro Costa,dr.alessandrocosta
FÃ¡tima Nunes,fatimanunesoficial
Blog Chapadinha 24 Horas,blogchapadinha24horas
JerÃ´nimo Rodrigues,jeronimorodriguesba
Erika Kokay,erikakokay
@btmaisoficial,btmaisoficial
Serginho Madureira,serginhomadureira
De Olho em Horizonte,deolhoemhorizonte
Brasil Independente,brasil.idpt
ERYKA NOBRE ğŸ”¥,erykanobre
PortalWRNews,portalwrnews
Dario Berger,dariobergersenador
Karina Alencar,karina_alencar
EsperidiÃ£o Amin,esperidiaoamin
ğŸ‡§ğŸ‡·Alessandro AbreuğŸ‡§ğŸ‡·,alessandroabre.ce
Katiana Gadelha,katianagadelha_
ThaÃ­s Morganni ğŸ‡§ğŸ‡·,morgannjovi
Pedro Uczai,pedro.uczai
Daniel Camilo,danielfcamilo
MATA LEÃƒO,usemataleao
Alvaro Gomes,alvarogomes.iapaz
Vinicius de Lima,_delima_vinicius
Bispo Eduardo Guilherme,bpeduardoguilherme
A Nazare Sincera,anazaresincera
Pr JoseÌ Carlos Admiradores,pastorzecarlosadmiradores
Lorena CalaÌbria,lorenacalabria
Dr Eduardo Leite,dreduardoleite
ğŸ’ MENINAS PLUS SIZE ğŸ’,meninas_plussize
Putz Grila!,putz.grilah
Luciano Pires,lucianopires
Fernando Santana,fernandomtsantana
GloboNews,globonews
Guilherme Sampaio,verguilherme
CARRITO ORGANIC,carritoorganic
Jean Alex de Andrade dos Santos,oficialjeanalex
DIREITA PIAUIENSE,direita.piauiense
FlaÌvio Dino,flaviodino
Camila Pitanga,caiapitanga
CapitÃ£o Alden,capitao_alden
AndrÃ© Pedroso ğŸ‡§ğŸ‡·,andrepedroso.sp
RaÌdio BandNews FM,radiobandnewsfm
Ivanna Soutto,ivannasoutto
Leonardo BulhÃµes,leobulhoes13
RENATA BANHARA,rebanhara
Edu ReÌgnier,eduregnier
Prefeitura de Manaus,prefeiturademanaus
CAD STOREï£¿Deus Ã© o nosso Guiaï£¿,cadstore
Adenilson Reis,adenilsonreisnon
ZÃ© Neto,depzeneto
Caruaru Tem!,caruarutem
Projota,projota
Amanda Chang,amandachangr
Leda Maria,ledamariaxuxa
MiÌdia NINJA,midianinja
Lucas Bove,lucasbovesp
Diego W. â€¢ Oganzinho âœ¨,paposdeaxe
JLBABADğŸ’£S,jlbabados
Aline Gouveia,prefeitaalinegouveia
Guilherme Duarte,tomelitrips
Dra Luciana FrancÌ§a,lucifranca
LPS - Luta Pelo Socialismo,lutapelosocialismo
Eliana Pedrosa,elianapedrosadf
ğ…ğ¢ğ¥ğ¨ğ¬ğ¨ğŸğ¢ğš & ğğğ§ğ¬ğšğ¦ğğ§ğ­ğ¨ğ¬,filo.pensamentos
Raphael Sebba,raphaelsebba
Manu BRONZE,manuspabronzeoficial
Agenor Neto,deputadoagenorneto
Modelaria SP,modelaria.sp
Linda Brasil,lindabrasilse
Aratu On,aratuonline
VR Store,vrstorecg
,conservador_nato
Portal 6 AnÃ¡polis,portal6anapolis
Frei AnastÃ¡cio Ribeiro,freianastaciopt
MaÌrcia Conrado,marciaconradolorena
RevistaTotal,revistatotaloficial
itztopvagas,itztopvagas
Octavio Sampaio,octaviosampaiorj
Douglas Borges,douglasborgesoficial
Marcius Machado,marciusmachado
Favila Correia â€¢ Designer & Social Media â€¢ Fotografia,favilacorreia
Julia FÃªnix,jufenix_
PoleÌ‚mica ParaiÌba,polemicaparaiba
Djalma Duarte,djalmaduarte_
Central da Fama,centraldafama
Rafael SatiÃª,rafaelsatie
Segue VocÃª,noticieireels
ZeÌ Raimundo - Deputado Estadual,zeraimundovca
Felipe Pinheiro,felipepinheiroitapipoca
IrecÃª RepÃ³rter,irecereporter
Netto Toledo,nettotoledo
HÂ³ so to speak,h3.sotospeak
"Tirinhas, Amor e Humor",quadrinhosdelavita
Rlagos NotÃ­cias,rlagos.noticias
O POVO Online,opovoonline
Deputada Marina do MST,marinadomst
Ailton Lopes,ailtonlopespsol
MoisÃ©s Braz,moisesbrazpt
A Fazenda 15|FOFOCALIZEIM ğŸ©·ğŸ’œ,fofocalizeim
Monica Iozzi,monica.iozzi
"VIRE AÌ€ DIREITA... RUA DEUS, PATRIA E FAMILIA, nÂ°22.",saidaquicomunista
MEMES BAFO,memesbafo
Portal Chumbo Grosso Manaus,chumbogrossomanaus
Deputado Marcon,deputadomarcon
Omar Aziz | Senador pelo Amazonas,omaraziz.senador
SOPAES,sopa_es
LUCIANO ROCHAğŸŒ,luccianorocha
LÃ©o Paulino,leopaulino0206
PORQUE NÃƒO EU? ğŸ³ï¸â€ğŸŒˆ,cristianekikicruz
SÃ©rgio Camargo,sergiodireita
Anderson de Matos,ver.andersondematos
Carol Vergolino,carolvergolino
Ronaldo MarzagaÌƒo JuÌnior,ronaldomarzagaojunior
Patric Arend LuÌˆderitz,patricluderitz
Pragmatismo,pragmatismopolitico
Aleandro Caldato,aleandrocaldato
Kennia wiswesser,kennia.wr
Glaucia Tolomei,glauciatolomei
Barbara Amorim| Apresentadora e Cantora,barbara_amorim
Jornal do Oeste,jornaldooeste
Bulls SP,bulls.sp
Binho de Alfredo,binhodealfredo
Carlos Jordy,carlosjordy
LiÌvia Duarte,liviaduartepsol
Babi Dewet,babidewet
Derrete MBL,derretembl
Lady desconstrutorağŸ’…ğŸŒˆ,desconservadora
Junior Longo,juniorlongoms
POPline,portalpopline
BBB 23-FAMOSOS-BABADOS-FOFOCAS,donadofuxico
Ricardo Fiorillo,ricardofiorillo
Ana Paula Siqueira,anapaulasiqueiraoficial
Pedro Ruas,pedroruaspsol
Luciano Duque,lucianoduquepe
Cultura & Artes,culturaeartes
Esporte Clube Pinheiros,ecpinheiros
Flavio Serafini,flavioserafini
Vereador Ricardinho Netuno ğŸ‡§ğŸ‡·,vereadornetuno
Helio BeltraÌƒo,helio_beltrao
ALFINETEITEEN Â® ğŸ’£ğŸ“Œ,alfineteiteen
Everton Souzaï¸ï¸,evertonsouzarenovar
PÃ¡tria Digital,patriadigital
Karolyne Fabreto,karol.fabreto
FUNâ—ï¸,bubulounge
@plantaocaico  Â®ï¸,plantaocaico
Vem Me Buscar Hebe,vemebuscarhebe
Lorene Figueiredo,lorene.figueiredo
Coronel Feitosa,coronelalbertofeitosa
Nivaldo da Pedalada,prnivaldodossantos
PATRIOTAS,patriotasrochedos
Caruaru Agora,caruaruagora
VTZEIROS,vtzeiros
Flavio Bauraqui,bauraqui
Ener Batista,enerbatista
Jean Paul Prates,jeanpaulprates
Marcelo Emerenciano,dr_marcelo_emerenciano
JoÃ£o Luiz Campos de Lima,joaoluizcamposdelima
Edu tricolokos ğŸ‡¾ğŸ‡ª,edu_tricolokos1
GABINETE DO OÌDIO | BOLSONARO,gdooficial
ParaibaOnline,paraiba_online
OlÃ­vio Dutra,oliviodutraoficial
Nelene Gomes | Prefeita,nelene_gomes
MidiaNews | NotiÌcias de MT,midianews.oficial
Barry Marques,barrymarques
Josivan Bibiano,josivanbibiano22
Gustavo Petta,gustavopetta
Clayton Mendes,cmendes77
Lula Democracia ğŸ‡§ğŸ‡·,lulademocracia
Feminismo por Daniela Brum e Nayara Beatriz,feminiismo
NotÃ­cia De Famosos,noticiadefamososof
Fun!,sexta_fun
Helder SalomÃ£o,heldersalomao
Janaina Paschoal,janainacpaschoal
Mulheres na ComunicaÃ§Ã£o,mulheresnacomunicacao
Rodolfo Alves (senhor),rodolfosenhor
Tallis Gomes (TG),tallisgomes
Elmano de Freitas,elmanofreitas
Marcos Carioca,marcoscarioca
Everaldo Cordeiro,everaldocordeirostm
Festival do Rio - Rio de Janeiro Int'l Film Festival,festivaldorio
Pleno.News,plenonews
Flamengo Love,flamengolove2.0
Marquiano Okopny,m.okopny
Cezar Martins,czrmartins
Direita Minas Ipatinga,direitaminasipatinga
JoÃ£o Paulo Rillo,soujoaopaulorillo
Charles Felizardo,charlesfelizardomg
Ricardo Arruda,ricardoarruda.dep
Eduardo Sales Filho,dudusales
NOTICIÃRIO GOSPEL,noticiariogospelbr
Ãlvaro Tito,alvarotito
DÃ©bora Bruno,deborabruno
Hipster Cabedelense,hipster_cabedelense
Daniel Bruschi,danielbruschi
Betty Lage,betty_lage_
Francis Hime,francishimeoficial
FAMSOS-BABADOS-FOFOCAS-BBB 23,fofocaus
DionÃ­sio Alves De FranÃ§a,diotti
Braga Netto,braganetto_gen
Stela Farias,stelafariasrs
JUÃ CEM MIL GRAUSÂ®,juacemmilgraus
SaÌ‚mia Bomfim,samiabomfim
Jornal da Chapada,jornaldachapada
SuiÌca,suica13
Bravo Teatro Musical,bravo.teatromusical
Pedro Tourinho,tourinhopedro
F5 da Folha,sitef5
Deputado Leandro de Jesus,voucomleandro
Ricardo Rebelato,rebelatoricardo
Lucina Compositora,lucinacompositora
DIREITA ITAPEMIRIM,direitapemirim
HeroÌis da PaÌtria,heroisdapatria
Rodrigo Gomes,rodrigogomes.oficial
OpiniÃ£o Verdade,opiniaoverdade
Marcelo Freixo,marcelofreixo
Nexo,nexojornal
quadrinhosnostalgia1,quadrinhosnostturmadamonica
Marcio Oliveira,marciooliveirast
Emerson Alcalde,emersonalcalde
ANITTA RECIFE-PE,centralanittarecife
Emerson Damasceno,emersonanomia
Nanda Alves,eu_mesmo_nandaa
Thiago Modenesi,thiagomodenesi
Saulo Godoy,saulogodoy
Banda Gente,bandagente
JoÃ£o Alfredo Telles Melo,joaoalfredotellesmelo
Bahia em Dia,bahia_em_dia
ğŸ‘‘PARA AS ESTILOSAS BLOGUEIRINHASğŸ‘‘,charmosinhoskids
Araraquara24horas,araraquara24horas
Porteiras Agora,porteirasagora
Alfajor's Bela MaitÃª,alfajorsbelamaite
Zaqueu Teixeira,zaqueuteixeiraoficial
Luciana Santos,lucianasantos
Daniel Camilo,danielcamilosp
Leonardo Lanna,leolanna
Frente de Luta por Moradia,flmbrasil
Brisa Bracchi,brisabracchi13
CeÌlia XakriabaÌ,celia.xakriaba
Carolina Cacau,carolinacacau
Cricielle Muniz,cricielle13
Rodrigo Guima,guimaguima
Pablo MarcÌ§al,pablomarcal1
Disseram,disseram
Altair Silva,deputadoaltairsilva
Randerson Leal,randersonleal
ğŸ”´ Leandro Stanich,leestanich
"Lucimar Martins, a BÃ¡",vereadoraba
Priscila Porto,priporto_
Samantha Quadrat,samanthaquadrat
Vermelho Deputado Federal,deputado_vermelho
Aquiles Marchel Argolo,aquilesmarchel
Edegar Pretto,edegarprettooficial
Renata Mielli,renata_mielli
Junia Hayashi,juniahayashi
Guilherme Cortez,guilhermecortez_
Suamy Beydoun,suamy_beydoun
ApoÌstolo CeÌsar Augusto,apcesaraugusto
CoalizÃ£o Conservadora ğŸ‡§ğŸ‡·,coalizaoconservadorabr
OliÌvia Santana,oliviasantana_oficial
Liga do Nordeste (de ğŸ¡),nordesteliga
Robinson Almeida,robinson_almeida
Albuquerque Direita ParÃ¡âœŒğŸ¼ğŸ‡§ğŸ‡·,albuquerquedp
Carlinhos Rio,carlinhosmaiainrio
Washington DA Mariquita II,vereadorwashingtondamariquita
Laerte Gomes | Deputado Estadual,dep.laertegomes
LEVANTE POPULAR DA JUVENTUDE,levantedajuventude
Ademir CorrÃªa de Souza,ademir.correadesouza
AD Campos de JÃºlio - Madureira,adcamposdejulio
Nacional Rifas â€¢,nacionalrifas
Jorge Solla,depjorgesolla
Portal O Poder,_portalopoder
Pagina lixo,paginalixo
Premia Motos,premiamotos
Advogada_em_formaÃ§Ã£o,dayanacampagnholi
Correio de CarajaÌs,correiodecarajas
GOSSIP DO DIA,gossipdodia
Lindos da MamÃ£e,lindosdamamaee
Direita PortuÃ¡ria,direita_portuaria
Marcela Nicolas,marcelanicolass
Lelinho Lopes,lelinholopes
Leo Siqueira,leosiqueirabr
Rede Marxista,redemarxista
falandoverdades,falandoverdades_0002
Laura Sito,laurasito
Lydia LeaÌƒo Sayeg,lydiasayeg
Rodrigo Braga,rodrigobragasuperar
CONEXAÌƒO POLIÌTICA,conexaopoliticabrasil
Pedro Lupion,pedrolupion
Cezar Pizetta,pi.zetta
Everton Zanella ğŸ³ï¸â€ğŸŒˆ,evertonzanella
GOSSIP MANAUX,gossipmanaux
FaÌtima Bezerra,fatimabezerra13
Regina FechoÌ,reginafecho
LÃ©a MendonÃ§a,leamendonca
Rubinho Nunes,rubinhonunes.sp
Coxixando,coxixandoo
Antonio Lima,antonioalimajr
TOP MILITAR LHB,topmilitarlhb
Portal Itapipoca,portalitapipoca
EITA FOFOCAğŸ—£,eitaafofoca
Daniel Zen,danielzendoacre
Direita cearÃ¡,bolsomito_nordestino
"Vanessa von GlehnğŸ¦‹Arquiteta, Poetisa e PalestranteğŸ¦‹",vanessavonglehnpoemas
Gilvan Maximo,gilvanmaximooficial
Isabella Silveira,zabella
Iza LourenÃ§a,izalourenca
Richard Medeiros,richardmdrs
EstadaÌƒo ğŸ—,estadao
ğŸ”¥ SÃƒO JOÃƒO DE CAMPINA GRANDEğŸ”¥,saojoaodecampinagrande_
Firme & Forte $ ğŸ‡§ğŸ‡·,firme_forte_ofc
Pedro LuiÌs,pedroluisoficial
Ulysses Gomes,ulyssesgomes
Prof. FabrÃ­cio Bastos,prof.fabriciobastos
Fernando Haddad,fernandohaddadoficial
Junior Bressan,famigliabressan
Jesus Palmeirense,jesus_palmeirense
Flavio Melo,flaviomelobroker
Elisa Molli,elisa.molli.7
Neuri Luiz Mantelli,neurimantelli
FabriÌcio Cardoso,soufabriciocardoso
Julia Konrad,juliakonrad
XIMOZAO DIGITAL,ximozaodigital
Portal TucumÃ£,portaltucuma
Juliana Brizola,juliana.brizola
Galera Vermelha ğŸš©,galeravermelha
LÃ©o Valente / Blog do Valente,blogdovalenteoficial
ğ——ğ˜‚ğ—±ğ˜‚ ğ—¦ğ—¼ğ—®ğ—¿ğ—²ğ˜€,dudusoares_pb
Carlos Nadalim,carlosnadalim
Roma News,romanewsoficial
Latinos Brasil,latinosbrasil
Gileno Pereira,professor.gileno
Gleisi Hoffmann,gleisihoffmann
Passeios Infantis,passeios_infantis
Hora BrasiÌlia,horabrasilia
CÃ­ntia Dias,cintiadiaspsol
Filhos da Luz,osfilhos_da_luz
Lindbergh Farias,lindberghfarias
DENIS VERONESE,denis.edge
Hailie CrochÃªsğŸ¦‹,hailiecroches
Caetano Dresch,caetanodresch
Shirley Targino,shirleytargino22
DQ,diariodequixada
ZeÌ Carlos â­ï¸,depzecarlospt
Juliana Drumond,drumondjuliana
g1 maranhÃ£o,g1maranhao
Blog Gustavo Negreiros,bloggustavonegreiros
zoe yasmine,teknokuen
Eric Lins,deputadoericlins
ğ—£ğ—¢ğ—¥ğ—§ğ—”ğ—Ÿ ğ—£ğ—Ÿğ—¨ğ—¥ğ—”ğ—ŸÂ®,portalplural
Giovani Cherini,deputadogiovanicherini
Vaquejada / Abre A Porteira,programaabreaporteira
TaliÌria Petrone,taliriapetrone
Paulinho De Nalva,paulinhodenalva
CÃ©sar RomÃ¡rio  ğŸ¤“,cesarromarioalves
Blog do Portari,blogdoportari
Marco Maia,depmarcomaia
Seu Pereira,seupereira.modulolunar
RogÃ©rio Correia,rogeriocorreia_
originÃ¡rios do brasil,originarios_do_brasil
ECOVILLE SÃƒO VICENTE,ecovillesao
DiÃ¡rio Conservador,dcitaunense
Rodrigo Valadares,rodrigovaladares_
Lisa Ianof.,lisaianof
Divaldo Lara,divaldo.lara
Somos SÃ£o Paulinos,somospfc
Dr. Batista,drbatistaoficial
carol_delgado,carol_delgado
Alex Braz,alexbrazrio
Maria Bertoche,mariabertoche
Rogerio Almeida,rocejoal
Deputado Rafael,deputadorafael
Augusto Cruz - Fisioterapia,augustocruzfisioterapia
Ivoneide Caetano,ivoneidecaetanooficial
Portal SRN,portalsrn
ğ‚APITÃƒO BRAZ,capitao_braz
Bruno Leandro,brunoleandrs
RODRIGO ALVES,rodrigopalpitex
Mohpaiz,m0hpaiz
JuÌlio CeÌsar Filho,julinhodeputado
Rui Costa,ruicostaoficial
Zequinha Marinho,zequinhamarinhooficial
Vereador Eduardo Sallum,oeduardosallum
JOVENS DE ESQUERDA,jde_jovens_de_esquerda
POLITIZANDO,politi_zando
Mattos Nascimento,mattosnascimento
PORTAL PREÃ       DivulgaÃ§Ãµes ğŸ“¢,portalprea
Guto Requena,gutorequena
iBahia,portalibahia
Leandro Grass,leandrograss
Fabiano Horta,fabianohorta_oficial
A. F. Propagandas Â®,abraaoferreirapropagandas
Marilza Mello Santana,deliciassarabelle
Paulo Pinheiro,paulopinheirorj
Evandro,fiotioficial
ANDERSON BAQUEIRO,andersonbaqueiro
Arthur Gimenes Prado,arthurgimenes13
Luiz Rocha,luizrochabh
Homem Aranha De Rio Das Ostras,homemaranhaderiodasostras
JÃ©ssica Marques,jessicamarquespsol
Sanderson,deputadosanderson
Lu Rufino,lu_rufino_sobre_rodas
F B G,fbg.news
Barra do Corda em Alerta,alerta.barra_oficial
RP50,portalrp50
Bp Guaracy Santos,bpguarasantos
Guilherme Saraiva,drguilhermesaraiva
Herman Guedes - Novo 30,herman.guedes.novo
Clique Piripiri,cliquepiripiri
Direita Minas SGS,direitaminassgs
Ãureo Cisneiros,aureo_cisneiros
Direita Sorocabana,direita.sorocabana
PETRAS,petrasvinicius
Brasil plural,brasil.plural
Rodrigo - O Criador da Pipa  Raio âš¡,piparaiz_toperson
Robson Ferreira,robson_ferreirasilvaa
NataÌlia Bonavides,nataliabonavides
Max Maciel,maxmacieldf
Maria JosÃ© Dourado,beijoseucoracao
lula_livre_,lula_livre_
Igor Dos Santos ğŸ‡§ğŸ‡·ğŸ‡µğŸ‡¹,igordossantos.sc
Bispo Rodovalho,bprodovalho
capixabas027,capixabas027
Fora Lula,foralula.fora
,hquepb
Dra. Ana LuÌcia Tourinho,altourinho
BrechÃ³ ANDREA VENTURO Oficial,brechoandreaventuro
ğŸ‘¸â¤ï¸ğ‘ğšğ¢ğ§ğ¡ğš ğ—ğ®ğ±ğš  ğ“ğ ğ€ğ¦ğ¨ | ğ‘­ğ‘¨ğ‘µ ğ‘¨ğ‘ªğ‘ªğ‘¶ğ‘¼ğ‘µğ‘»,xuxa_rainha_do_coracao
RaÌdio Nova LiÌder FM ğŸ™ğŸ“»ğŸ§,novaliderfm
menino.maquiado,menino.maquiado2
Helder da Bet,helderdabet
Jornal Expresso,jornalexpressorbs
Allan Dauster ğŸ€ğŸš,allandaustter
UPBET | Apostas e Cassino,upbet.ofc
Xuxa Xou,xuxaxou
ï¼¤ï¼©ï¼²ï¼¥ï¼©ï¼´ï¼¡ ï¼£ï¼²ï¼µï¼ºï¼¥ï¼©ï¼²ï¼¯ â¡ï¸ ğŸ”µâšªğŸ”´,direitacrz
Indira Xavier,indiraxavier.up
Felipe Lintz,lintzfelipe
Apoio o Deputado Ricardo Arruda,deputadoricardoarrudapr
DEFENSOR JÃšNIOR SOUZA â­â­â­,defensorjuniorsouza
Cezinha De Madureira,cezinhademadureira
Fuxiquei,fuxiquei
Sylvio Pinguelli,sylviopinguelli
Alice Rabelo,alicerabelo
Luciana Viegas,umamaepretaautistafalando
Aree Vanessa | Vida ReaL,areevanessa
Bia Kicis ğŸ§¿,biakicis
Deus Ã© Vida!,vivapradeus
ğŸ‡§ğŸ‡· ğŸŒµ âœŠğŸ¾   â™€ï¸  ğŸ³ï¸â€ğŸŒˆ ğŸ¹ ğŸŒ±,etempoderesistencia
Lindaura Moreira,lindauramoreiraoficial
GraÃ§a Marques,gracinha.contos
Deya Marques,deyamarques
Fernando Sirchia,fernando.sirchia
Tripalium âœŠ,resistenciatripalium
Pedro Henrique,ph_natal
Estado de Minas,estadodeminas
Serginho Monteiro,serginhomonteiro.rj
Dandara Tonantzin,todandara
Gabryel de Castro,mundobygabryel
O Popular,jornal_opopular
O OTIMISTA,ootimista
Guilherme Santos,guilherme_santos
UniaÌƒo da Juventude Socialista,ujs_brasil
Ana Mielke | âœŠğŸ¾ğŸ’œğŸŒ»,anacmielke
Mauricio do VÃ´lei ğŸ,mauriciodovolei
Marcelo Crivella,mcrivella
Portal NazarÃ© Dos Patos,nazaredospatosoficial
"Qualidade,estilo e atemporalidade.  ğŸ‘‘",seja_store
Real Nunes Moments,realnunesmoments
GAROTO BABADOS - A FAZENDA ğŸ‘¨â€ğŸŒ¾ğŸŒ¾ğŸšœ,garotobabados
Manoel Ferreira,manoelferreira.pe
Rafael Eduardo Passos Arantes,arantesrafael
Brasil Conservador/Mito-Mjs,brasilconservador.mito.22
InspiraÃ§Ãµes de looks,looks_inspirations
VenÃª Casagrande,venecasagrande
Firmino Paulo,firminopaulo
BO Paragominas,boparagominas
PCdoB de JaboataÌƒo - PE,pcdob_jaboatao
Rafaelle Firmino,rafaellefirminooficial
Alexandre Padilha,padilhando
Dudu,oeduardovictor
Ariane Santos ACS,arianeluzsantos
ğ•´ğ–Œğ–”ğ–— ğ•µğ–”ğ–˜ğ–ŠÌ ğ•ºğ–Œğ–†ğ–—,igorjoseogar
Rubi Semijoias,rubisemijoia
OraculistaDonJulio,oraculistadonjulio
Direita Timbauba PE,direitatimbaubape
Gracinha Garcez,gracinhagarcez
Jordana,jordanaaraaujo
Fernando Pimentel,pimentel_minas
JoseÌ GuimaraÌƒes,dep_guimaraes
Prudente Imprudente,prudente.imprudente
Helil LourenÃ§o,helil
Restitui Brasil,restituibr
CapitÃ£o Contar,capitaocontar
Dinho PT ğŸš© #LulaPresidenteEleito ğŸ‡§ğŸ‡·,dinho_pt
Jeisael,jeisael_
Sofia Cavedon,sofiacavedonoficial
Igor Vilcinskas Dalpino Jr.,igorjroficial
â„™ğ—¶ğ—ºğ—²ğ—»ğ˜ğ—® â„•ğ—²ğ—¹ğ—®ğ˜€,pimenta_nelas
VirgÃ­nia fonseca costa,virginiafonseca.7
APRONTEI,aprontei
Diego Spears,diegospearsoficial
LuaÌƒ Bandeira,luabandeiraa
tv jornal | SBT,tvjornalsbt
Vanessa Bumagny,vanessabumagny
Marcos RogÃ©rio,marcosrogeriooficial
ğŸ–¤ Ana Paula Rocker ğŸ¤˜ğŸ¼,anapaularocker
Thiago Amud,thiagoamud.oficial
Roberto RequiÃ£o 13,robertorequiaooficial
Ned Oliveira,nedoliveira1
Rafael Santos,rafabolsonaroteresopolis
Paulo Queiroz,prpauloqueiroz
Alex Brollo,alexbrollo
Maria Eunice,sigamariaeunice
Diego Moreau,diegomoreau
Professor Adelino,professor_adelino
Hora Noticias,horanoticiasbr
NilmÃ¡rio Miranda,nilmariomiranda
ğ˜ğ˜¦ğ˜³ğ˜¦ğ˜¢ğ˜¥ğ˜°ğ˜³ ğ˜”ğ˜¢ğ˜³ğ˜¤ğ˜°ğ˜´ ğ˜¥ğ˜¢ ğ˜—ğ˜³ğ˜¦ğ˜´ğ˜µğ˜¢ğ˜¤Ì§ğ˜¢Ìƒğ˜° ğŸ‡§ğŸ‡·,marcosdaprestacaooficial
Arlete Sampaio,arletesampaio
Janete Melo,janete.li.melo
Wanderley Gomes,wanderleygomes2021
Symmy Larrat,symmylarrat_ofc
Duda Hidalgo,dudahidalgo13
Poder360,poder360
"""Talkei"" Bolsonaro ğŸ‡§ğŸ‡·",talkeibolsonaro
TiÃ£o Bocalom,bocalom.oficial
Bolsonarista Opressora,bolsonaristaopressora
Heroina1313,heroina1313
Paulo Carrano,paulo_carrano
Guilherme Silva RS,guilhermersilvabr
Camasi Guimaraes,camasiguimaraes
Douglas Belchior,negrobelchior
Cris Machado,plantao_materno
Sthafler âœ¨,sthafler
Luciana Brasil,mulheres_arretadass
Celso Giannazi,celsogiannazi
RolÃª das EleiÃ§Ãµes,roledaseleicoes
EFRAIM SENADOR ğŸš€,efraimfilhopb
APOCALIPSE O FIM,apocalipse.ofim_
Despertando LeÃµes ğŸ¦ğŸ’¥,despertandoleoesoficial
Rosilene CorrÃªa Lima,rosilenecorreadf
Renato Zaca,deputadorenatozaca
FÃ¡bio Alves,fabioalvesoficial33
ParaÌ Figueiredo,depparafigueiredo
Uma outra OpiniÃ£o,umaoutraopiniao
RAFAEL QUEIROZ,rafaelxqueiroz
SimaÌƒo Pedro,simaopedrochiovetti
ColecÌ§aÌƒo de Protesto,colecao_de_protesto
RaÌdio 92.3 FM,92naweb
Leo Gattuso,leogattuso_
D.J. Bruno Oliver,djbrunooliver_official
Vem Bicicletar,vem.bicicletar
Anginha Vieira,vieiraanginha
Bruno Engler,brunoenglerdm
SANTISTA CABULOSO | Oficial,santistacabuloso
Sobre Funk,sobrefunk
DIREITA MINAS - SAMONTE,direitaminassamonte
BFC - Brasil Fede Covid ğŸ‡§ğŸ‡·ğŸ¦ ,brasilfedecovid
PT CearÃ¡,ptceara
DM SÃ£o LourenÃ§o ğŸ”º,direitaminassaolourenco
Janilson Silva,janilsonsilvaof
Amazonas News Ofical,amazonasnewsoficial
Direita Minas - Cach. de Minas,direitaminascachoeirademinas
Alex Brasil,alexanderbrasiloficial
Maria Do Carmo Martins Lima,mariadocarmo.stm
Erika Hilton,hilton_erika
MK Music,mkmusicbrasil
Paula Nunes,paulabancadafeminista
Daniel Freitas,danielcfreitas
Estado do ParÃ¡ Online | BelÃ©m do ParÃ¡,estadodoparaonline
ConexÃ£o Direita,conexaodireitaoficial
Paulo MÃ¡rcio,paulo.marcio.792
Leonardo Filho,leonardofilho_oficial
DIREITA RAIZ,direita_raiz_se
Ac24horas,ac24horas
Henrique Figueira ğŸ‡§ğŸ‡·,henriquefigueiramusic
Odair Cunha,odaircunhamg
Vereador Jonas Reis,vereadorjonasreis
Ivan Valente,ivanvalentepsol
NOTICIEI AGORA,noticieiagora
Fora Lula ğŸš«,tropadadireita_
Coronel Marcos Rocha,celmarcosrocha
Pedro Ronchi | ReflexÃµes Sociais,pedroronchi2
"Melania Amorim, MD, PhD",melania44
FOFO QUICE,fofo.quice
Rafaela AlbergariağŸš‚,rafaalbergaria
Bira do PindarÃ©,biradopindare
JAQUELINE FERREIRA ğŸ™ï¸,jacqueferreiraoficial
Roberta Botion,robertabotion
Eduardo Suplicy,eduardosuplicy
Pedro Matos,pedrinmatos
Hayden Music ğŸ§,haydentv
Paulinho Galileu II,estilogalileuprograma
Jailson Oliveira,jailsonoliveirarj
Guto Senra,gutosenra
EvangÃ©licos com Lula,evangelicoscomlula
Ap Agenor Duque,apostoloagenorduque
Movimento Jovem da Democracia,mjd_brasil
Larissa Gaspar,larissagaspar_oficial
Minutos de Valor,minutosdevalor
Danilo Balas,agentefederaldanilobalas
Maria Fernanda Cid Loureiro,fernandacid_
Vila Cruzeiro RJ Oficial,vilacruzeirorjoficial
iPolÃ­tica Bahia,ipoliticabahia
Soberanos,soberanos
Rosenverg Reis,rosenvergreis
Claudio Donizete,claudiodonizeteoficial
Leonardo Monteiro,depleomonteiro
Padre Pedro Baldissera,padre.pedrobaldissera
JORNAL DIAMANTINA,jornaldiamantinaoficial
Salvino Oliveira,salvino.oliveira
Maria Ribeiro,mariaaribeiro
Camilo S. Santana,camilosantanaoficial
Daniel Silveira Info,danielsilveirainfo
Mario Alexandre,marioalexandreoficial
Corridas em Sergipe,corridasemsergipe
Prof. Cintia Secario,cintiasecario13
FILIPE SABARAÌ,filipesabara
Jose Roberto MendonÃ§a,robertinhomendoncavereador
Correio Braziliense,correio.braziliense
FUXICADAX,fuxicadax
Leonel Guterres Radde,leonelradde
Vinicius Aith,viniciusaith
342 Artes,342artes
Fabio Jesus,fabiojesusrp34
Primeira Hora,primeira_hora
Agostinho Freitas,_revolucao_preta_
CaÃ­que Mafra,caiquemafra
Gal Costa,galcosta_sublime
Danilo Cabral,danilocabralpe
Frente de EvangÃ©licos,frentedeevangelicos
Fernanda Melchionna,fernandapsol
JosÃ© Ricardo Rodrigues Barbosa,dep.ricardorodrigues
Design Ativista,designativista
Petra PerÃ³n,petraperon
SaÌƒo GoncÌ§alo Informa,informasaogoncalo
CARLOS MAIA ğŸ‡§ğŸ‡·ğŸ‡ºğŸ‡¸,pastorcarlosmaia
Sylvio Augusto,sylvioaugustojr
Fora Lula!,fiuzaopressor
Santa Helena Mil Grau,shegomilgrau
Valdeci Oliveira,valdeci13rs
Dan Maia,danmaia
Deputado JoaÌƒo Daniel,deputadojoaodaniel
DireitaSergipe,direita_sergipe
Ronilson JosÃ© Paz,ronilson.paz
Messias Bolsonaro 2026 ğŸ‡§ğŸ‡·,messiasbolsonaro.22
